{
  "cameras":[
    {
      "endpointId": "1",
      "manufacturerName": "Axis",
      "modelName": "P1425-LE",
      "friendlyName": "Front Porch Camera",
      "description": "Front Porch Camera",
      "resolutions": [{"width":1920, "height":1080}],
      "uri": "rtsp://cam.lsacam.com:443/proxyStream-1"
    },
    {
      "endpointId": "2",
      "manufacturerName": "Axis",
      "modelName": "P1425-LE",
      "friendlyName": "East Side Camera",
      "description": "East Side Camera",
      "resolutions": [{"width":1080, "height":1920}],
      "uri": "rtsp://cam.lsacam.com:443/proxyStream-2"
    },
    {
      "endpointId": "3",
      "manufacturerName": "Axis",
      "modelName": "P1435-LE",
      "friendlyName": "Back Yard Camera",
      "description": "Back Yard Camera",
      "resolutions": [{"width":1920, "height":1080}],
      "uri": "rtsp://cam.lsacam.com:443/proxyStream-3"
    },
    {
      "endpointId": "4",
      "manufacturerName": "Axis",
      "modelName": "P1425-LE",
      "friendlyName": "Back Garage Camera",
      "description": "Back Garage Camera",
      "resolutions": [{"width":1920, "height":1080}],
      "uri": "rtsp://cam.lsacam.com:443/proxyStream-4"
    },
    {
      "endpointId": "5",
      "manufacturerName": "Axis",
      "modelName": "P1425-LE",
      "friendlyName": "Playroom Door Camera",
      "description": "Playroom Door Camera",
      "resolutions": [{"width":1920, "height":1080}],
      "uri": "rtsp://cam.lsacam.com:443/proxyStream-5"
    },
    {
      "endpointId": "6",
      "manufacturerName": "Axis",
      "modelName": "P1425-LE",
      "friendlyName": "Front Gate Camera",
      "description": "Front Gate Camera",
      "resolutions": [{"width":1080, "height":1920}],
      "uri": "rtsp://cam.lsacam.com:443/proxyStream-6"
    }
  ]
}
